{
	"class_name" : "PinholeCameraParameters",
	"extrinsic" : 
	[
		-0.69200224053805859,
		-0.40144713452397707,
		-0.59997758064180606,
		0.0,
		0.31325826898853387,
		-0.91577597169469027,
		0.25144308814710575,
		0.0,
		-0.6503861591397947,
		-0.013948757978174908,
		0.75947565869503153,
		0.0,
		-0.030413170101994069,
		19.173640624098702,
		175.2075168042156,
		1.0
	],
	"intrinsic" : 
	{
		"height" : 1061,
		"intrinsic_matrix" : 
		[
			918.85295341528945,
			0.0,
			0.0,
			0.0,
			918.85295341528945,
			0.0,
			959.5,
			530.0,
			1.0
		],
		"width" : 1920
	},
	"version_major" : 1,
	"version_minor" : 0
}